,ds,floor,cap
0,2020-03-01,0,17368
1,2020-03-02,0,17368
2,2020-03-03,0,17368
3,2020-03-04,0,17368
4,2020-03-05,0,17368
5,2020-03-06,0,17368
6,2020-03-07,0,17368
7,2020-03-08,0,17368
8,2020-03-09,0,17368
9,2020-03-10,0,17368
10,2020-03-11,0,17368
11,2020-03-12,0,17368
12,2020-03-13,0,17368
13,2020-03-14,0,17368
14,2020-03-15,0,17368
15,2020-03-16,0,17368
16,2020-03-17,0,17368
17,2020-03-18,0,17368
18,2020-03-19,0,17368
19,2020-03-20,0,17368
20,2020-03-21,0,17368
21,2020-03-22,0,17368
22,2020-03-23,0,17368
23,2020-03-24,0,17368
24,2020-03-25,0,17368
25,2020-03-26,0,17368
26,2020-03-27,0,17368
27,2020-03-28,0,17368
28,2020-03-29,0,17368
29,2020-03-30,0,17368
30,2020-03-31,0,17368
31,2020-04-01,0,17368
32,2020-04-02,0,17368
33,2020-04-03,0,17368
34,2020-04-04,0,17368
35,2020-04-05,0,17368
36,2020-04-06,0,17368
37,2020-04-07,0,17368
38,2020-04-08,0,17368
39,2020-04-09,0,17368
40,2020-04-10,0,17368
41,2020-04-11,0,17368
42,2020-04-12,0,17368
43,2020-04-13,0,17368
44,2020-04-14,0,17368
45,2020-04-15,0,17368
46,2020-04-16,0,17368
47,2020-04-17,0,17368
48,2020-04-18,0,17368
49,2020-04-19,0,17368
50,2020-04-20,0,17368
51,2020-04-21,0,17368
52,2020-04-22,0,17368
53,2020-04-23,0,17368
54,2020-04-24,0,17368
55,2020-04-25,0,17368
56,2020-04-26,0,17368
57,2020-04-27,0,17368
58,2020-04-28,0,17368
59,2020-04-29,0,17368
60,2020-04-30,0,17368
61,2020-05-01,0,17368
62,2020-05-02,0,17368
63,2020-05-03,0,17368
64,2020-05-04,0,17368
65,2020-05-05,0,17368
66,2020-05-06,0,17368
67,2020-05-07,0,17368
68,2020-05-08,0,17368
69,2020-05-09,0,17368
70,2020-05-10,0,17368
71,2020-05-11,0,17368
72,2020-05-12,0,17368
73,2020-05-13,0,17368
74,2020-05-14,0,17368
75,2020-05-15,0,17368
76,2020-05-16,0,17368
77,2020-05-17,0,17368
78,2020-05-18,0,17368
79,2020-05-19,0,17368
80,2020-05-20,0,17368
81,2020-05-21,0,17368
82,2020-05-22,0,17368
83,2020-05-23,0,17368
84,2020-05-24,0,17368
85,2020-05-25,0,17368
86,2020-05-26,0,17368
87,2020-05-27,0,17368
88,2020-05-28,0,17368
89,2020-05-29,0,17368
90,2020-05-30,0,17368
91,2020-05-31,0,17368
92,2020-06-01,0,17368
93,2020-06-02,0,17368
94,2020-06-03,0,17368
95,2020-06-04,0,17368
96,2020-06-05,0,17368
97,2020-06-06,0,17368
98,2020-06-07,0,17368
99,2020-06-08,0,17368
100,2020-06-09,0,17368
101,2020-06-10,0,17368
102,2020-06-11,0,17368
103,2020-06-12,0,17368
104,2020-06-13,0,17368
105,2020-06-14,0,17368
106,2020-06-15,0,17368
107,2020-06-16,0,17368
108,2020-06-17,0,17368
109,2020-06-18,0,17368
110,2020-06-19,0,17368
111,2020-06-20,0,17368
112,2020-06-21,0,17368
113,2020-06-22,0,17368
114,2020-06-23,0,17368
115,2020-06-24,0,17368
116,2020-06-25,0,17368
117,2020-06-26,0,17368
118,2020-06-27,0,17368
119,2020-06-28,0,17368
120,2020-06-29,0,17368
121,2020-06-30,0,17368
122,2020-07-01,0,17368
123,2020-07-02,0,17368
124,2020-07-03,0,17368
125,2020-07-04,0,17368
126,2020-07-05,0,17368
127,2020-07-06,0,17368
128,2020-07-07,0,17368
129,2020-07-08,0,17368
130,2020-07-09,0,17368
131,2020-07-10,0,17368
132,2020-07-11,0,17368
133,2020-07-12,0,17368
134,2020-07-13,0,17368
135,2020-07-14,0,17368
136,2020-07-15,0,17368
137,2020-07-16,0,17368
138,2020-07-17,0,17368
139,2020-07-18,0,17368
140,2020-07-19,0,17368
141,2020-07-20,0,17368
142,2020-07-21,0,17368
143,2020-07-22,0,17368
144,2020-07-23,0,17368
145,2020-07-24,0,17368
146,2020-07-25,0,17368
147,2020-07-26,0,17368
148,2020-07-27,0,17368
149,2020-07-28,0,17368
150,2020-07-29,0,17368
151,2020-07-30,0,17368
152,2020-07-31,0,17368
153,2020-08-01,0,17368
154,2020-08-02,0,17368
155,2020-08-03,0,17368
156,2020-08-04,0,17368
157,2020-08-05,0,17368
158,2020-08-06,0,17368
159,2020-08-07,0,17368
160,2020-08-08,0,17368
161,2020-08-09,0,17368
162,2020-08-10,0,17368
163,2020-08-11,0,17368
164,2020-08-12,0,17368
165,2020-08-13,0,17368
166,2020-08-14,0,17368
167,2020-08-15,0,17368
168,2020-08-16,0,17368
169,2020-08-17,0,17368
170,2020-08-18,0,17368
171,2020-08-19,0,17368
172,2020-08-20,0,17368
173,2020-08-21,0,17368
174,2020-08-22,0,17368
175,2020-08-23,0,17368
176,2020-08-24,0,17368
177,2020-08-25,0,17368
178,2020-08-26,0,17368
179,2020-08-27,0,17368
180,2020-08-28,0,17368
181,2020-08-29,0,17368
182,2020-08-30,0,17368
183,2020-08-31,0,17368
184,2020-09-01,0,17368
185,2020-09-02,0,17368
186,2020-09-03,0,17368
187,2020-09-04,0,17368
188,2020-09-05,0,17368
189,2020-09-06,0,17368
190,2020-09-07,0,17368
191,2020-09-08,0,17368
192,2020-09-09,0,17368
193,2020-09-10,0,17368
194,2020-09-11,0,17368
195,2020-09-12,0,17368
196,2020-09-13,0,17368
197,2020-09-14,0,17368
198,2020-09-15,0,17368
199,2020-09-16,0,17368
200,2020-09-17,0,17368
201,2020-09-18,0,17368
202,2020-09-19,0,17368
203,2020-09-20,0,17368
204,2020-09-21,0,17368
205,2020-09-22,0,17368
206,2020-09-23,0,17368
207,2020-09-24,0,17368
208,2020-09-25,0,17368
209,2020-09-26,0,17368
210,2020-09-27,0,17368
211,2020-09-28,0,17368
212,2020-09-29,0,17368
213,2020-09-30,0,17368
214,2020-10-01,0,17368
215,2020-10-02,0,17368
216,2020-10-03,0,17368
217,2020-10-04,0,17368
218,2020-10-05,0,17368
219,2020-10-06,0,17368
220,2020-10-07,0,17368
221,2020-10-08,0,17368
222,2020-10-09,0,17368
223,2020-10-10,0,17368
224,2020-10-11,0,17368
225,2020-10-12,0,17368
226,2020-10-13,0,17368
227,2020-10-14,0,17368
228,2020-10-15,0,17368
229,2020-10-16,0,17368
230,2020-10-17,0,17368
231,2020-10-18,0,17368
232,2020-10-19,0,17368
233,2020-10-20,0,17368
234,2020-10-21,0,17368
235,2020-10-22,0,17368
236,2020-10-23,0,17368
237,2020-10-24,0,17368
238,2020-10-25,0,17368
239,2020-10-26,0,17368
240,2020-10-27,0,17368
241,2020-10-28,0,17368
242,2020-10-29,0,17368
243,2020-10-30,0,17368
244,2020-10-31,0,17368
245,2020-11-01,0,17368
246,2020-11-02,0,17368
247,2020-11-03,0,17368
248,2020-11-04,0,17368
249,2020-11-05,0,17368
250,2020-11-06,0,17368
251,2020-11-07,0,17368
252,2020-11-08,0,17368
253,2020-11-09,0,17368
254,2020-11-10,0,17368
255,2020-11-11,0,17368
256,2020-11-12,0,17368
257,2020-11-13,0,17368
258,2020-11-14,0,17368
259,2020-11-15,0,17368
260,2020-11-16,0,17368
261,2020-11-17,0,17368
262,2020-11-18,0,17368
263,2020-11-19,0,17368
264,2020-11-20,0,17368
265,2020-11-21,0,17368
266,2020-11-22,0,17368
267,2020-11-23,0,17368
268,2020-11-24,0,17368
269,2020-11-25,0,17368
270,2020-11-26,0,17368
271,2020-11-27,0,17368
272,2020-11-28,0,17368
273,2020-11-29,0,17368
274,2020-11-30,0,17368
275,2020-12-01,0,17368
276,2020-12-02,0,17368
277,2020-12-03,0,17368
278,2020-12-04,0,17368
279,2020-12-05,0,17368
280,2020-12-06,0,17368
281,2020-12-07,0,17368
282,2020-12-08,0,17368
283,2020-12-09,0,17368
284,2020-12-10,0,17368
285,2020-12-11,0,17368
286,2020-12-12,0,17368
287,2020-12-13,0,17368
288,2020-12-14,0,17368
289,2020-12-15,0,17368
290,2020-12-16,0,17368
291,2020-12-17,0,17368
292,2020-12-18,0,17368
293,2020-12-19,0,17368
294,2020-12-20,0,17368
295,2020-12-21,0,17368
296,2020-12-22,0,17368
297,2020-12-23,0,17368
298,2020-12-24,0,17368
299,2020-12-25,0,17368
300,2020-12-26,0,17368
301,2020-12-27,0,17368
302,2020-12-28,0,17368
303,2020-12-29,0,17368
304,2020-12-30,0,17368
305,2020-12-31,0,17368
306,2021-01-01,0,17368
307,2021-01-02,0,17368
308,2021-01-03,0,17368
309,2021-01-04,0,17368
310,2021-01-05,0,17368
311,2021-01-06,0,17368
312,2021-01-07,0,17368
313,2021-01-08,0,17368
314,2021-01-09,0,17368
315,2021-01-10,0,17368
316,2021-01-11,0,17368
317,2021-01-12,0,17368
318,2021-01-13,0,17368
319,2021-01-14,0,17368
320,2021-01-15,0,17368
321,2021-01-16,0,17368
322,2021-01-17,0,17368
323,2021-01-18,0,17368
324,2021-01-19,0,17368
325,2021-01-20,0,17368
326,2021-01-21,0,17368
327,2021-01-22,0,17368
328,2021-01-23,0,17368
329,2021-01-24,0,17368
330,2021-01-25,0,17368
331,2021-01-26,0,17368
332,2021-01-27,0,17368
333,2021-01-28,0,17368
334,2021-01-29,0,17368
335,2021-01-30,0,17368
336,2021-01-31,0,17368
337,2021-02-01,0,17368
338,2021-02-02,0,17368
339,2021-02-03,0,17368
340,2021-02-04,0,17368
341,2021-02-05,0,17368
342,2021-02-06,0,17368
343,2021-02-07,0,17368
344,2021-02-08,0,17368
345,2021-02-09,0,17368
346,2021-02-10,0,17368
347,2021-02-11,0,17368
348,2021-02-12,0,17368
349,2021-02-13,0,17368
350,2021-02-14,0,17368
351,2021-02-15,0,17368
352,2021-02-16,0,17368
353,2021-02-17,0,17368
354,2021-02-18,0,17368
355,2021-02-19,0,17368
356,2021-02-20,0,17368
357,2021-02-21,0,17368
358,2021-02-22,0,17368
359,2021-02-23,0,17368
360,2021-02-24,0,17368
361,2021-02-25,0,17368
362,2021-02-26,0,17368
363,2021-02-27,0,17368
364,2021-02-28,0,17368
365,2021-03-01,0,17368
366,2021-03-02,0,17368
367,2021-03-03,0,17368
368,2021-03-04,0,17368
369,2021-03-05,0,17368
370,2021-03-06,0,17368
371,2021-03-07,0,17368
372,2021-03-08,0,17368
373,2021-03-09,0,17368
374,2021-03-10,0,17368
375,2021-03-11,0,17368
376,2021-03-12,0,17368
377,2021-03-13,0,17368
378,2021-03-14,0,17368
379,2021-03-15,0,17368
380,2021-03-16,0,17368
381,2021-03-17,0,17368
382,2021-03-18,0,17368
383,2021-03-19,0,17368
384,2021-03-20,0,17368
385,2021-03-21,0,17368
386,2021-03-22,0,17368
387,2021-03-23,0,17368
388,2021-03-24,0,17368
389,2021-03-25,0,17368
390,2021-03-26,0,17368
391,2021-03-27,0,17368
392,2021-03-28,0,17368
393,2021-03-29,0,17368
394,2021-03-30,0,17368
395,2021-03-31,0,17368
396,2021-04-01,0,17368
397,2021-04-02,0,17368
398,2021-04-03,0,17368
399,2021-04-04,0,17368
400,2021-04-05,0,17368
401,2021-04-06,0,17368
402,2021-04-07,0,17368
403,2021-04-08,0,17368
404,2021-04-09,0,17368
405,2021-04-10,0,17368
406,2021-04-11,0,17368
407,2021-04-12,0,17368
408,2021-04-13,0,17368
409,2021-04-14,0,17368
410,2021-04-15,0,17368
411,2021-04-16,0,17368
412,2021-04-17,0,17368
413,2021-04-18,0,17368
414,2021-04-19,0,17368
415,2021-04-20,0,17368
416,2021-04-21,0,17368
417,2021-04-22,0,17368
418,2021-04-23,0,17368
419,2021-04-24,0,17368
420,2021-04-25,0,17368
421,2021-04-26,0,17368
422,2021-04-27,0,17368
423,2021-04-28,0,17368
424,2021-04-29,0,17368
425,2021-04-30,0,17368
426,2021-05-01,0,17368
427,2021-05-02,0,17368
428,2021-05-03,0,17368
429,2021-05-04,0,17368
430,2021-05-05,0,17368
431,2021-05-06,0,17368
432,2021-05-07,0,17368
433,2021-05-08,0,17368
434,2021-05-09,0,17368
435,2021-05-10,0,17368
436,2021-05-11,0,17368
437,2021-05-12,0,17368
438,2021-05-13,0,17368
439,2021-05-14,0,17368
440,2021-05-15,0,17368
441,2021-05-16,0,17368
442,2021-05-17,0,17368
443,2021-05-18,0,17368
444,2021-05-19,0,17368
445,2021-05-20,0,17368
446,2021-05-21,0,17368
447,2021-05-22,0,17368
448,2021-05-23,0,17368
449,2021-05-24,0,17368
450,2021-05-25,0,17368
451,2021-05-26,0,17368
452,2021-05-27,0,17368
453,2021-05-28,0,17368
454,2021-05-29,0,17368
455,2021-05-30,0,17368
456,2021-05-31,0,17368
457,2021-06-01,0,17368
458,2021-06-02,0,17368
459,2021-06-03,0,17368
460,2021-06-04,0,17368
461,2021-06-05,0,17368
462,2021-06-06,0,17368
463,2021-06-07,0,17368
464,2021-06-08,0,17368
465,2021-06-09,0,17368
466,2021-06-10,0,17368
467,2021-06-11,0,17368
468,2021-06-12,0,17368
469,2021-06-13,0,17368
470,2021-06-14,0,17368
471,2021-06-15,0,17368
472,2021-06-16,0,17368
473,2021-06-17,0,17368
474,2021-06-18,0,17368
475,2021-06-19,0,17368
476,2021-06-20,0,17368
477,2021-06-21,0,17368
478,2021-06-22,0,17368
479,2021-06-23,0,17368
480,2021-06-24,0,17368
481,2021-06-25,0,17368
482,2021-06-26,0,17368
483,2021-06-27,0,17368
484,2021-06-28,0,17368
485,2021-06-29,0,17368
486,2021-06-30,0,17368
487,2021-07-01,0,17368
488,2021-07-02,0,17368
489,2021-07-03,0,17368
490,2021-07-04,0,17368
491,2021-07-05,0,17368
492,2021-07-06,0,17368
493,2021-07-07,0,17368
494,2021-07-08,0,17368
495,2021-07-09,0,17368
496,2021-07-10,0,17368
497,2021-07-11,0,17368
498,2021-07-12,0,17368
499,2021-07-13,0,17368
500,2021-07-14,0,17368
501,2021-07-15,0,17368
502,2021-07-16,0,17368
503,2021-07-17,0,17368
504,2021-07-18,0,17368
505,2021-07-19,0,17368
506,2021-07-20,0,17368
507,2021-07-21,0,17368
508,2021-07-22,0,17368
509,2021-07-23,0,17368
510,2021-07-24,0,17368
511,2021-07-25,0,17368
512,2021-07-26,0,17368
513,2021-07-27,0,17368
514,2021-07-28,0,17368
515,2021-07-29,0,17368
516,2021-07-30,0,17368
517,2021-07-31,0,17368
518,2021-08-01,0,17368
519,2021-08-02,0,17368
520,2021-08-03,0,17368
521,2021-08-04,0,17368
522,2021-08-05,0,17368
523,2021-08-06,0,17368
524,2021-08-07,0,17368
525,2021-08-08,0,17368
526,2021-08-09,0,17368
527,2021-08-10,0,17368
528,2021-08-11,0,17368
529,2021-08-12,0,17368
530,2021-08-13,0,17368
531,2021-08-14,0,17368
532,2021-08-15,0,17368
533,2021-08-16,0,17368
534,2021-08-17,0,17368
535,2021-08-18,0,17368
536,2021-08-19,0,17368
537,2021-08-20,0,17368
538,2021-08-21,0,17368
539,2021-08-22,0,17368
540,2021-08-23,0,17368
541,2021-08-24,0,17368
542,2021-08-25,0,17368
543,2021-08-26,0,17368
544,2021-08-27,0,17368
545,2021-08-28,0,17368
546,2021-08-29,0,17368
547,2021-08-30,0,17368
548,2021-08-31,0,17368
549,2021-09-01,0,17368
550,2021-09-02,0,17368
551,2021-09-03,0,17368
552,2021-09-04,0,17368
553,2021-09-05,0,17368
554,2021-09-06,0,17368
555,2021-09-07,0,17368
556,2021-09-08,0,17368
557,2021-09-09,0,17368
558,2021-09-10,0,17368
559,2021-09-11,0,17368
560,2021-09-12,0,17368
561,2021-09-13,0,17368
562,2021-09-14,0,17368
563,2021-09-15,0,17368
564,2021-09-16,0,17368
565,2021-09-17,0,17368
566,2021-09-18,0,17368
567,2021-09-19,0,17368
568,2021-09-20,0,17368
569,2021-09-21,0,17368
570,2021-09-22,0,17368
571,2021-09-23,0,17368
572,2021-09-24,0,17368
573,2021-09-25,0,17368
574,2021-09-26,0,17368
575,2021-09-27,0,17368
576,2021-09-28,0,17368
577,2021-09-29,0,17368
578,2021-09-30,0,17368
579,2021-10-01,0,17368
580,2021-10-02,0,17368
581,2021-10-03,0,17368
582,2021-10-04,0,17368
583,2021-10-05,0,17368
584,2021-10-06,0,17368
585,2021-10-07,0,17368
586,2021-10-08,0,17368
587,2021-10-09,0,17368
588,2021-10-10,0,17368
589,2021-10-11,0,17368
590,2021-10-12,0,17368
591,2021-10-13,0,17368
592,2021-10-14,0,17368
593,2021-10-15,0,17368
594,2021-10-16,0,17368
595,2021-10-17,0,17368
596,2021-10-18,0,17368
597,2021-10-19,0,17368
598,2021-10-20,0,17368
599,2021-10-21,0,17368
600,2021-10-22,0,17368
601,2021-10-23,0,17368
602,2021-10-24,0,17368
603,2021-10-25,0,17368
604,2021-10-26,0,17368
605,2021-10-27,0,17368
606,2021-10-28,0,17368
607,2021-10-29,0,17368
608,2021-10-30,0,17368
609,2021-10-31,0,17368
610,2021-11-01,0,17368
611,2021-11-02,0,17368
612,2021-11-03,0,17368
613,2021-11-04,0,17368
614,2021-11-05,0,17368
615,2021-11-06,0,17368
616,2021-11-07,0,17368
617,2021-11-08,0,17368
618,2021-11-09,0,17368
619,2021-11-10,0,17368
620,2021-11-11,0,17368
621,2021-11-12,0,17368
622,2021-11-13,0,17368
623,2021-11-14,0,17368
624,2021-11-15,0,17368
625,2021-11-16,0,17368
626,2021-11-17,0,17368
627,2021-11-18,0,17368
628,2021-11-19,0,17368
629,2021-11-20,0,17368
630,2021-11-21,0,17368
631,2021-11-22,0,17368
632,2021-11-23,0,17368
633,2021-11-24,0,17368
634,2021-11-25,0,17368
635,2021-11-26,0,17368
636,2021-11-27,0,17368
637,2021-11-28,0,17368
638,2021-11-29,0,17368
639,2021-11-30,0,17368
640,2021-12-01,0,17368
641,2021-12-02,0,17368
642,2021-12-03,0,17368
643,2021-12-04,0,17368
644,2021-12-05,0,17368
645,2021-12-06,0,17368
646,2021-12-07,0,17368
647,2021-12-08,0,17368
648,2021-12-09,0,17368
649,2021-12-10,0,17368
650,2021-12-11,0,17368
651,2021-12-12,0,17368
652,2021-12-13,0,17368
653,2021-12-14,0,17368
654,2021-12-15,0,17368
655,2021-12-16,0,17368
656,2021-12-17,0,17368
657,2021-12-18,0,17368
658,2021-12-19,0,17368
659,2021-12-20,0,17368
660,2021-12-21,0,17368
661,2021-12-22,0,17368
662,2021-12-23,0,17368
663,2021-12-24,0,17368
664,2021-12-25,0,17368
665,2021-12-26,0,17368
666,2021-12-27,0,17368
667,2021-12-28,0,17368
668,2021-12-29,0,17368
669,2021-12-30,0,17368
670,2021-12-31,0,17368
671,2022-01-01,0,17368
672,2022-01-02,0,17368
673,2022-01-03,0,17368
674,2022-01-04,0,17368
675,2022-01-05,0,17368
676,2022-01-06,0,17368
677,2022-01-07,0,17368
678,2022-01-08,0,17368
679,2022-01-09,0,17368
680,2022-01-10,0,17368
681,2022-01-11,0,17368
682,2022-01-12,0,17368
683,2022-01-13,0,17368
684,2022-01-14,0,17368
685,2022-01-15,0,17368
686,2022-01-16,0,17368
687,2022-01-17,0,17368
688,2022-01-18,0,17368
689,2022-01-19,0,17368
690,2022-01-20,0,17368
691,2022-01-21,0,17368
692,2022-01-22,0,17368
693,2022-01-23,0,17368
694,2022-01-24,0,17368
695,2022-01-25,0,17368
696,2022-01-26,0,17368
697,2022-01-27,0,17368
698,2022-01-28,0,17368
699,2022-01-29,0,17368
700,2022-01-30,0,17368
701,2022-01-31,0,17368
702,2022-02-01,0,17368
703,2022-02-02,0,17368
704,2022-02-03,0,17368
705,2022-02-04,0,17368
706,2022-02-05,0,17368
707,2022-02-06,0,17368
708,2022-02-07,0,17368
709,2022-02-08,0,17368
710,2022-02-09,0,17368
711,2022-02-10,0,17368
712,2022-02-11,0,17368
713,2022-02-12,0,17368
714,2022-02-13,0,17368
715,2022-02-14,0,17368
716,2022-02-15,0,17368
717,2022-02-16,0,17368
718,2022-02-17,0,17368
719,2022-02-18,0,17368
720,2022-02-19,0,17368
721,2022-02-20,0,17368
722,2022-02-21,0,17368
723,2022-02-22,0,17368
724,2022-02-23,0,17368
725,2022-02-24,0,17368
726,2022-02-25,0,17368
727,2022-02-26,0,17368
728,2022-02-27,0,17368
729,2022-02-28,0,17368
730,2022-03-01,0,17368
731,2022-03-02,0,17368
732,2022-03-03,0,17368
733,2022-03-04,0,17368
734,2022-03-05,0,17368
735,2022-03-06,0,17368
736,2022-03-07,0,17368
737,2022-03-08,0,17368
738,2022-03-09,0,17368
739,2022-03-10,0,17368
740,2022-03-11,0,17368
741,2022-03-12,0,17368
742,2022-03-13,0,17368
743,2022-03-14,0,17368
744,2022-03-15,0,17368
745,2022-03-16,0,17368
746,2022-03-17,0,17368
747,2022-03-18,0,17368
748,2022-03-19,0,17368
749,2022-03-20,0,17368
750,2022-03-21,0,17368
751,2022-03-22,0,17368
752,2022-03-23,0,17368
753,2022-03-24,0,17368
754,2022-03-25,0,17368
755,2022-03-26,0,17368
756,2022-03-27,0,17368
757,2022-03-28,0,17368
758,2022-03-29,0,17368
759,2022-03-30,0,17368
760,2022-03-31,0,17368
761,2022-04-01,0,17368
762,2022-04-02,0,17368
763,2022-04-03,0,17368
764,2022-04-04,0,17368
765,2022-04-05,0,17368
766,2022-04-06,0,17368
767,2022-04-07,0,17368
768,2022-04-08,0,17368
769,2022-04-09,0,17368
770,2022-04-10,0,17368
771,2022-04-11,0,17368
772,2022-04-12,0,17368
773,2022-04-13,0,17368
774,2022-04-14,0,17368
775,2022-04-15,0,17368
776,2022-04-16,0,17368
777,2022-04-17,0,17368
778,2022-04-18,0,17368
779,2022-04-19,0,17368
780,2022-04-20,0,17368
781,2022-04-21,0,17368
782,2022-04-22,0,17368
783,2022-04-23,0,17368
784,2022-04-24,0,17368
785,2022-04-25,0,17368
786,2022-04-26,0,17368
787,2022-04-27,0,17368
788,2022-04-28,0,17368
789,2022-04-29,0,17368
790,2022-04-30,0,17368
791,2022-05-01,0,17368
792,2022-05-02,0,17368
793,2022-05-03,0,17368
794,2022-05-04,0,17368
795,2022-05-05,0,17368
796,2022-05-06,0,17368
797,2022-05-07,0,17368
798,2022-05-08,0,17368
799,2022-05-09,0,17368
800,2022-05-10,0,17368
801,2022-05-11,0,17368
802,2022-05-12,0,17368
803,2022-05-13,0,17368
804,2022-05-14,0,17368
805,2022-05-15,0,17368
806,2022-05-16,0,17368
807,2022-05-17,0,17368
808,2022-05-18,0,17368
809,2022-05-19,0,17368
810,2022-05-20,0,17368
811,2022-05-21,0,17368
812,2022-05-22,0,17368
813,2022-05-23,0,17368
814,2022-05-24,0,17368
815,2022-05-25,0,17368
816,2022-05-26,0,17368
817,2022-05-27,0,17368
818,2022-05-28,0,17368
819,2022-05-29,0,17368
820,2022-05-30,0,17368
821,2022-05-31,0,17368
822,2022-06-01,0,17368
823,2022-06-02,0,17368
824,2022-06-03,0,17368
825,2022-06-04,0,17368
826,2022-06-05,0,17368
827,2022-06-06,0,17368
828,2022-06-07,0,17368
829,2022-06-08,0,17368
830,2022-06-09,0,17368
831,2022-06-10,0,17368
832,2022-06-11,0,17368
833,2022-06-12,0,17368
834,2022-06-13,0,17368
835,2022-06-14,0,17368
836,2022-06-15,0,17368
837,2022-06-16,0,17368
838,2022-06-17,0,17368
839,2022-06-18,0,17368
840,2022-06-19,0,17368
841,2022-06-20,0,17368
842,2022-06-21,0,17368
843,2022-06-22,0,17368
844,2022-06-23,0,17368
845,2022-06-24,0,17368
846,2022-06-25,0,17368
847,2022-06-26,0,17368
848,2022-06-27,0,17368
849,2022-06-28,0,17368
850,2022-06-29,0,17368
851,2022-06-30,0,17368
852,2022-07-01,0,17368
853,2022-07-02,0,17368
854,2022-07-03,0,17368
855,2022-07-04,0,17368
856,2022-07-05,0,17368
857,2022-07-06,0,17368
858,2022-07-07,0,17368
859,2022-07-08,0,17368
860,2022-07-09,0,17368
861,2022-07-10,0,17368
862,2022-07-11,0,17368
863,2022-07-12,0,17368
864,2022-07-13,0,17368
865,2022-07-14,0,17368
866,2022-07-15,0,17368
867,2022-07-16,0,17368
868,2022-07-17,0,17368
869,2022-07-18,0,17368
870,2022-07-19,0,17368
871,2022-07-20,0,17368
872,2022-07-21,0,17368
873,2022-07-22,0,17368
874,2022-07-23,0,17368
875,2022-07-24,0,17368
876,2022-07-25,0,17368
877,2022-07-26,0,17368
878,2022-07-27,0,17368
879,2022-07-28,0,17368
880,2022-07-29,0,17368
881,2022-07-30,0,17368
882,2022-07-31,0,17368
883,2022-08-01,0,17368
884,2022-08-02,0,17368
885,2022-08-03,0,17368
886,2022-08-04,0,17368
887,2022-08-05,0,17368
888,2022-08-06,0,17368
889,2022-08-07,0,17368
890,2022-08-08,0,17368
891,2022-08-09,0,17368
892,2022-08-10,0,17368
893,2022-08-11,0,17368
894,2022-08-12,0,17368
895,2022-08-13,0,17368
896,2022-08-14,0,17368
897,2022-08-15,0,17368
898,2022-08-16,0,17368
899,2022-08-17,0,17368
900,2022-08-18,0,17368
901,2022-08-19,0,17368
902,2022-08-20,0,17368
903,2022-08-21,0,17368
904,2022-08-22,0,17368
905,2022-08-23,0,17368
906,2022-08-24,0,17368
907,2022-08-25,0,17368
908,2022-08-26,0,17368
909,2022-08-27,0,17368
910,2022-08-28,0,17368
911,2022-08-29,0,17368
912,2022-08-30,0,17368
913,2022-08-31,0,17368
914,2022-09-01,0,17368
915,2022-09-02,0,17368
916,2022-09-03,0,17368
917,2022-09-04,0,17368
918,2022-09-05,0,17368
919,2022-09-06,0,17368
920,2022-09-07,0,17368
921,2022-09-08,0,17368
922,2022-09-09,0,17368
923,2022-09-10,0,17368
924,2022-09-11,0,17368
925,2022-09-12,0,17368
926,2022-09-13,0,17368
927,2022-09-14,0,17368
928,2022-09-15,0,17368
929,2022-09-16,0,17368
930,2022-09-17,0,17368
931,2022-09-18,0,17368
932,2022-09-19,0,17368
933,2022-09-20,0,17368
934,2022-09-21,0,17368
935,2022-09-22,0,17368
936,2022-09-23,0,17368
937,2022-09-24,0,17368
938,2022-09-25,0,17368
939,2022-09-26,0,17368
940,2022-09-27,0,17368
941,2022-09-28,0,17368
942,2022-09-29,0,17368
943,2022-09-30,0,17368
944,2022-10-01,0,17368
945,2022-10-02,0,17368
946,2022-10-03,0,17368
947,2022-10-04,0,17368
948,2022-10-05,0,17368
949,2022-10-06,0,17368
950,2022-10-07,0,17368
951,2022-10-08,0,17368
952,2022-10-09,0,17368
953,2022-10-10,0,17368
954,2022-10-11,0,17368
955,2022-10-12,0,17368
956,2022-10-13,0,17368
957,2022-10-14,0,17368
958,2022-10-15,0,17368
959,2022-10-16,0,17368
960,2022-10-17,0,17368
961,2022-10-18,0,17368
962,2022-10-19,0,17368
963,2022-10-20,0,17368
964,2022-10-21,0,17368
965,2022-10-22,0,17368
966,2022-10-23,0,17368
967,2022-10-24,0,17368
968,2022-10-25,0,17368
969,2022-10-26,0,17368
970,2022-10-27,0,17368
971,2022-10-28,0,17368
972,2022-10-29,0,17368
973,2022-10-30,0,17368
974,2022-10-31,0,17368
975,2022-11-01,0,17368
976,2022-11-02,0,17368
977,2022-11-03,0,17368
978,2022-11-04,0,17368
979,2022-11-05,0,17368
980,2022-11-06,0,17368
981,2022-11-07,0,17368
982,2022-11-08,0,17368
983,2022-11-09,0,17368
984,2022-11-10,0,17368
985,2022-11-11,0,17368
986,2022-11-12,0,17368
987,2022-11-13,0,17368
988,2022-11-14,0,17368
989,2022-11-15,0,17368
990,2022-11-16,0,17368
991,2022-11-17,0,17368
992,2022-11-18,0,17368
993,2022-11-19,0,17368
994,2022-11-20,0,17368
995,2022-11-21,0,17368
996,2022-11-22,0,17368
997,2022-11-23,0,17368
998,2022-11-24,0,17368
999,2022-11-25,0,17368
1000,2022-11-26,0,17368
1001,2022-11-27,0,17368
1002,2022-11-28,0,17368
1003,2022-11-29,0,17368
1004,2022-11-30,0,17368
1005,2022-12-01,0,17368
1006,2022-12-02,0,17368
1007,2022-12-03,0,17368
1008,2022-12-04,0,17368
1009,2022-12-05,0,17368
1010,2022-12-06,0,17368
1011,2022-12-07,0,17368
1012,2022-12-08,0,17368
1013,2022-12-09,0,17368
1014,2022-12-10,0,17368
1015,2022-12-11,0,17368
1016,2022-12-12,0,17368
1017,2022-12-13,0,17368
1018,2022-12-14,0,17368
1019,2022-12-15,0,17368
1020,2022-12-16,0,17368
1021,2022-12-17,0,17368
1022,2022-12-18,0,17368
1023,2022-12-19,0,17368
1024,2022-12-20,0,17368
1025,2022-12-21,0,17368
1026,2022-12-22,0,17368
1027,2022-12-23,0,17368
1028,2022-12-24,0,17368
1029,2022-12-25,0,17368
1030,2022-12-26,0,17368
1031,2022-12-27,0,17368
1032,2022-12-28,0,17368
1033,2022-12-29,0,17368
1034,2022-12-30,0,17368
1035,2022-12-31,0,17368
1036,2023-01-01,0,17368
1037,2023-01-02,0,17368
1038,2023-01-03,0,17368
1039,2023-01-04,0,17368
1040,2023-01-05,0,17368
1041,2023-01-06,0,17368
1042,2023-01-07,0,17368
1043,2023-01-08,0,17368
1044,2023-01-09,0,17368
1045,2023-01-10,0,17368
1046,2023-01-11,0,17368
1047,2023-01-12,0,17368
1048,2023-01-13,0,17368
1049,2023-01-14,0,17368
1050,2023-01-15,0,17368
1051,2023-01-16,0,17368
1052,2023-01-17,0,17368
1053,2023-01-18,0,17368
1054,2023-01-19,0,17368
1055,2023-01-20,0,17368
1056,2023-01-21,0,17368
1057,2023-01-22,0,17368
1058,2023-01-23,0,17368
1059,2023-01-24,0,17368
1060,2023-01-25,0,17368
1061,2023-01-26,0,17368
1062,2023-01-27,0,17368
1063,2023-01-28,0,17368
1064,2023-01-29,0,17368
1065,2023-01-30,0,17368
1066,2023-01-31,0,17368
1067,2023-02-01,0,17368
1068,2023-02-02,0,17368
1069,2023-02-03,0,17368
1070,2023-02-04,0,17368
1071,2023-02-05,0,17368
1072,2023-02-06,0,17368
1073,2023-02-07,0,17368
1074,2023-02-08,0,17368
1075,2023-02-09,0,17368
1076,2023-02-10,0,17368
1077,2023-02-11,0,17368
1078,2023-02-12,0,17368
1079,2023-02-13,0,17368
1080,2023-02-14,0,17368
1081,2023-02-15,0,17368
1082,2023-02-16,0,17368
1083,2023-02-17,0,17368
1084,2023-02-18,0,17368
1085,2023-02-19,0,17368
1086,2023-02-20,0,17368
1087,2023-02-21,0,17368
1088,2023-02-22,0,17368
1089,2023-02-23,0,17368
1090,2023-02-24,0,17368
1091,2023-02-25,0,17368
1092,2023-02-26,0,17368
1093,2023-02-27,0,17368
1094,2023-02-28,0,17368
1095,2023-03-01,0,17368
1096,2023-03-02,0,17368
1097,2023-03-03,0,17368
1098,2023-03-04,0,17368
1099,2023-03-05,0,17368
1100,2023-03-06,0,17368
1101,2023-03-07,0,17368
1102,2023-03-08,0,17368
1103,2023-03-09,0,17368
1104,2023-03-10,0,17368
1105,2023-03-11,0,17368
1106,2023-03-12,0,17368
1107,2023-03-13,0,17368
1108,2023-03-14,0,17368
1109,2023-03-15,0,17368
1110,2023-03-16,0,17368
1111,2023-03-17,0,17368
1112,2023-03-18,0,17368
1113,2023-03-19,0,17368
1114,2023-03-20,0,17368
1115,2023-03-21,0,17368
1116,2023-03-22,0,17368
1117,2023-03-23,0,17368
1118,2023-03-24,0,17368
1119,2023-03-25,0,17368
1120,2023-03-26,0,17368
1121,2023-03-27,0,17368
1122,2023-03-28,0,17368
1123,2023-03-29,0,17368
1124,2023-03-30,0,17368
1125,2023-03-31,0,17368
1126,2023-04-01,0,17368
1127,2023-04-02,0,17368
1128,2023-04-03,0,17368
1129,2023-04-04,0,17368
1130,2023-04-05,0,17368
1131,2023-04-06,0,17368
1132,2023-04-07,0,17368
1133,2023-04-08,0,17368
1134,2023-04-09,0,17368
1135,2023-04-10,0,17368
1136,2023-04-11,0,17368
1137,2023-04-12,0,17368
1138,2023-04-13,0,17368
1139,2023-04-14,0,17368
1140,2023-04-15,0,17368
1141,2023-04-16,0,17368
1142,2023-04-17,0,17368
1143,2023-04-18,0,17368
1144,2023-04-19,0,17368
1145,2023-04-20,0,17368
1146,2023-04-21,0,17368
1147,2023-04-22,0,17368
1148,2023-04-23,0,17368
1149,2023-04-24,0,17368
1150,2023-04-25,0,17368
1151,2023-04-26,0,17368
1152,2023-04-27,0,17368
1153,2023-04-28,0,17368
1154,2023-04-29,0,17368
1155,2023-04-30,0,17368
1156,2023-05-01,0,17368
1157,2023-05-02,0,17368
1158,2023-05-03,0,17368
1159,2023-05-04,0,17368
1160,2023-05-05,0,17368
1161,2023-05-06,0,17368
1162,2023-05-07,0,17368
1163,2023-05-08,0,17368
1164,2023-05-09,0,17368
1165,2023-05-10,0,17368
1166,2023-05-11,0,17368
1167,2023-05-12,0,17368
1168,2023-05-13,0,17368
1169,2023-05-14,0,17368
1170,2023-05-15,0,17368
1171,2023-05-16,0,17368
1172,2023-05-17,0,17368
1173,2023-05-18,0,17368
1174,2023-05-19,0,17368
1175,2023-05-20,0,17368
1176,2023-05-21,0,17368
1177,2023-05-22,0,17368
1178,2023-05-23,0,17368
1179,2023-05-24,0,17368
1180,2023-05-25,0,17368
1181,2023-05-26,0,17368
1182,2023-05-27,0,17368
1183,2023-05-28,0,17368
1184,2023-05-29,0,17368
1185,2023-05-30,0,17368
1186,2023-05-31,0,17368
1187,2023-06-01,0,17368
1188,2023-06-02,0,17368
1189,2023-06-03,0,17368
1190,2023-06-04,0,17368
1191,2023-06-05,0,17368
1192,2023-06-06,0,17368
1193,2023-06-07,0,17368
1194,2023-06-08,0,17368
1195,2023-06-09,0,17368
1196,2023-06-10,0,17368
1197,2023-06-11,0,17368
1198,2023-06-12,0,17368
1199,2023-06-13,0,17368
1200,2023-06-14,0,17368
1201,2023-06-15,0,17368
1202,2023-06-16,0,17368
1203,2023-06-17,0,17368
1204,2023-06-18,0,17368
1205,2023-06-19,0,17368
1206,2023-06-20,0,17368
1207,2023-06-21,0,17368
1208,2023-06-22,0,17368
1209,2023-06-23,0,17368
1210,2023-06-24,0,17368
1211,2023-06-25,0,17368
1212,2023-06-26,0,17368
1213,2023-06-27,0,17368
1214,2023-06-28,0,17368
1215,2023-06-29,0,17368
1216,2023-06-30,0,17368
1217,2023-07-01,0,17368
1218,2023-07-02,0,17368
1219,2023-07-03,0,17368
1220,2023-07-04,0,17368
1221,2023-07-05,0,17368
1222,2023-07-06,0,17368
1223,2023-07-07,0,17368
1224,2023-07-08,0,17368
1225,2023-07-09,0,17368
1226,2023-07-10,0,17368
1227,2023-07-11,0,17368
1228,2023-07-12,0,17368
1229,2023-07-13,0,17368
1230,2023-07-14,0,17368
1231,2023-07-15,0,17368
1232,2023-07-16,0,17368
1233,2023-07-17,0,17368
1234,2023-07-18,0,17368
1235,2023-07-19,0,17368
1236,2023-07-20,0,17368
1237,2023-07-21,0,17368
1238,2023-07-22,0,17368
1239,2023-07-23,0,17368
1240,2023-07-24,0,17368
1241,2023-07-25,0,17368
1242,2023-07-26,0,17368
1243,2023-07-27,0,17368
1244,2023-07-28,0,17368
1245,2023-07-29,0,17368
1246,2023-07-30,0,17368
1247,2023-07-31,0,17368
1248,2023-08-01,0,17368
1249,2023-08-02,0,17368
1250,2023-08-03,0,17368
1251,2023-08-04,0,17368
1252,2023-08-05,0,17368
1253,2023-08-06,0,17368
1254,2023-08-07,0,17368
1255,2023-08-08,0,17368
1256,2023-08-09,0,17368
1257,2023-08-10,0,17368
1258,2023-08-11,0,17368
1259,2023-08-12,0,17368
1260,2023-08-13,0,17368
1261,2023-08-14,0,17368
1262,2023-08-15,0,17368
1263,2023-08-16,0,17368
1264,2023-08-17,0,17368
1265,2023-08-18,0,17368
1266,2023-08-19,0,17368
1267,2023-08-20,0,17368
1268,2023-08-21,0,17368
1269,2023-08-22,0,17368
1270,2023-08-23,0,17368
1271,2023-08-24,0,17368
1272,2023-08-25,0,17368
1273,2023-08-26,0,17368
1274,2023-08-27,0,17368
1275,2023-08-28,0,17368
1276,2023-08-29,0,17368
1277,2023-08-30,0,17368
1278,2023-08-31,0,17368
1279,2023-09-01,0,17368
1280,2023-09-02,0,17368
1281,2023-09-03,0,17368
1282,2023-09-04,0,17368
1283,2023-09-05,0,17368
1284,2023-09-06,0,17368
1285,2023-09-07,0,17368
1286,2023-09-08,0,17368
1287,2023-09-09,0,17368
1288,2023-09-10,0,17368
1289,2023-09-11,0,17368
1290,2023-09-12,0,17368
1291,2023-09-13,0,17368
1292,2023-09-14,0,17368
1293,2023-09-15,0,17368
1294,2023-09-16,0,17368
1295,2023-09-17,0,17368
1296,2023-09-18,0,17368
1297,2023-09-19,0,17368
1298,2023-09-20,0,17368
1299,2023-09-21,0,17368
1300,2023-09-22,0,17368
1301,2023-09-23,0,17368
1302,2023-09-24,0,17368
1303,2023-09-25,0,17368
1304,2023-09-26,0,17368
1305,2023-09-27,0,17368
1306,2023-09-28,0,17368
1307,2023-09-29,0,17368
1308,2023-09-30,0,17368
1309,2023-10-01,0,17368
1310,2023-10-02,0,17368
1311,2023-10-03,0,17368
1312,2023-10-04,0,17368
1313,2023-10-05,0,17368
1314,2023-10-06,0,17368
1315,2023-10-07,0,17368
1316,2023-10-08,0,17368
1317,2023-10-09,0,17368
1318,2023-10-10,0,17368
1319,2023-10-11,0,17368
1320,2023-10-12,0,17368
1321,2023-10-13,0,17368
1322,2023-10-14,0,17368
1323,2023-10-15,0,17368
1324,2023-10-16,0,17368
1325,2023-10-17,0,17368
1326,2023-10-18,0,17368
1327,2023-10-19,0,17368
1328,2023-10-20,0,17368
1329,2023-10-21,0,17368
1330,2023-10-22,0,17368
1331,2023-10-23,0,17368
